"feature","score"
"IL9",-65.5360697121642
"RPS27A",49.2056663580206
"RPL7",48.0621756538636
"RPS6",44.3342082405792
"RPS3",42.8884498483001
"RPL3",42.0362659091704
"RPS3A",41.5723080959396
"RPL13A",41.250058856959
"RPS4X",38.8773418504382
"RPLP0",38.6796511714803
"RPL18A",37.442561639568
"S100A11",-36.7470315103668
"RPS8",36.2872431020649
"RPS2",35.9629097515204
"RPL13",35.7999122289043
"RPS16",34.3301836436587
"RPL11",33.7353239696507
"RPS18",33.5527341714035
"RPS13",33.3425770487002
"RPL8",33.3405724129305
"RPSA",33.182399578409
"RPL19",33.1490788541039
"RPL12",32.6751121989887
"IFI6",-32.5649767918513
"RPL21",32.329479162385
"RPL32",32.2952814146308
"RPL22",31.4826565584183
"RPL4",30.9218848838062
"RPS23",30.9167399618159
"RPL15",30.5532286418487
"RPS5",30.5078632463226
"RPL26",29.7721755194222
"RPL27A",29.2965945934345
"TYMP",-29.1667507062129
"RPS12",28.895694095875
"ISG15",-28.2250103701761
"RPLP1",26.8303551737949
"RPS9",26.4975777248254
"RPS14",26.3699208725819
"RPL9",25.9894257031115
"RPS11",25.9823623187792
"RPS25",25.2931695444479
"MYL12B",-24.7108499678612
"RPL10A",24.5630615027677
"EEF1B2",24.4391206419684
"RPL35A",23.5904778372784
"RPL23A",23.5697519228386
"RPL7A",23.5490353023125
"LY6E",-23.3245603071357
"OCIAD2",-23.3047286483617
"RPL24",23.1294461768226
"EEF2",23.0756824991449
"RPL18",22.6017368245352
"CALM1",-22.4988027982144
"RPS28",22.3377606160361
"RPL35",22.1865419506335
"MX1",-22.1196702312037
"GSTO1",-22.0074470898881
"RPL10",21.7752760506451
"IFIT3",-21.4644997260177
"RPL29",21.2275465983921
"PSMB9",-20.75201776565
"EIF3L",20.5065871567428
"RPL5",19.9883698114738
"RPS17",19.9765303709023
"SLC25A6",19.9467553645809
"JUN",-19.5247826184706
"APOBEC3H",-19.3928532823561
"USP18",-19.3898139489523
"ISG20",-19.2164406579487
"RPL34",18.9652526388381
"EEF1A1",18.8062198923178
"RPS19",18.6235334570268
"VOPP1",-18.503636826548
"FTL",18.3795629362039
"TNFAIP8",-18.3550669899535
"VIM",-18.2600528435106
"AC092580.4",18.2010854778976
"RPLP2",18.0804578264249
"RPL27",18.0223054098635
"PLP2",-17.801426179917
"AHCYL2",-17.7984114807085
"RPL30",17.7407302489697
"RPS29",17.474397774703
"DRAP1",-17.4298626471184
"CTSL",-17.2732985834797
"FLOT1",-17.1503722428341
"RPS24",17.126776776177
"IFI35",-17.1026564215533
"RPL36",16.9767938171619
"MYL12A",-16.9110343232682
"SLC4A7",-16.9043615410437
"DHRS2",-16.7458530072002
"CAPG",-16.5813100259749
"REEP5",-16.54283921164
"RPL14",16.4963476026816
"S100A6",-15.9953919945374
"TMSB4X",-15.9311513719038
"DIXDC1",-15.8843849990212
"DDX5",-15.7548768102374
"ATP5G2",15.4563288656966
"RPS15A",15.4400356533382
"GNB2L1",15.3472549844778
"TIMP1",-15.2608405203116
"FNBP1L",-15.225913024611
"CST7",15.0293023499838
"IFIT1",-15.0062655210639
"NACA",14.8854376183498
"BST2",-14.847549704547
"BTF3",14.789970651982
"PARP9",-14.73336705092
"EGLN3",14.4373889870005
"AQP3",-14.4045826564468
"RP11-305L7.1",14.4043451475769
"IRF7",-14.3306362660695
"LAT",-14.2923755508589
"RPS27",14.1219031511997
"IER3",-14.1016095184031
"RPL31",14.0706730370229
"RPL37A",14.0543342590487
"H3F3B",-13.9607880146216
"UQCRB",13.9539420687904
"IFITM1",-13.9320245465162
"NSG1",-13.9236389249236
"RPS21",13.7678517891958
"OAS1",-13.7320430355182
"PLSCR1",-13.628732112481
"GNG5",-13.5545180781451
"LGALS9",-13.5341070946578
"LAP3",-13.5339405295402
"RBCK1",-13.3183827389737
"TNFSF13B",-13.3041452584935
"NAP1L1",13.2769362503532
"HLA-C",-13.222709621488
"RPL39",13.1374497766211
"MYL6",-12.9979060861997
"RPS20",12.8640564323511
"UBE2L6",-12.8155139033067
"RPL23",12.7288759212203
"RPS4Y1",12.6853290433155
"IFI44L",-12.6848961719071
"RPL37",12.6131258760723
"TAGLN2",-12.5973316999676
"EEF1D",12.5420720758298
"DDX58",-12.4680857905513
"EPSTI1",-12.4250374633426
"NMI",-12.4069500450783
"TMEM50A",-12.352378412477
"STRIP2",-12.3418289660824
"ETS2",-12.2957313691246
"ATP6V1D",-12.1430616167856
"MT-ND1",-12.0874424490949
"RAC1",-11.9934433483094
"HLA-B",-11.9482163645941
"CDV3",-11.9140037791404
"UBA52",11.8633504812665
"OAS3",-11.854481354376
"SKIL",-11.7950051310921
"SPATS2L",-11.7814187613832
"PHF11",-11.7090499091929
"DPP4",11.5950614142353
"PLGRKT",-11.5052562494844
"RABAC1",-11.4892902375363
"C19orf66",-11.3053468497267
"CIB1",-11.286089519014
"PSME2",-11.233408249166
"RPS7",11.202499212886
"EIF3E",11.1883632685843
"RPL6",11.0754804704397
"CALM2",-11.0618640157258
"PTMS",-11.0584418188725
"RGCC",-11.0174410009829
"COX5A",-11.0121030145259
"BATF3",-11.0100363749859
"MALT1",-11.0037726064353
"SLC35F3",10.9644507811097
"TNFRSF25",-10.8997908727211
"TMEM173",-10.8670507541615
"PRDX1",-10.8505594678547
"PPP1R14B",-10.7280301325083
"JUNB",-10.7042023611247
"IFI27",-10.6874610666586
"DAPP1",-10.6730526612742
"IMPDH2",10.635088552589
"ZBED2",-10.594435438864
"MX2",-10.5847511684361
"CFLAR",-10.541831085887
"KIF2A",10.5330249200238
"ARID5A",-10.4841726708404
"EBI3",-10.4829720263647
"ATP6V0A2",-10.4758384340194
"RASGRP3",-10.4380528160895
"ADM",10.3691753109599
"FUT7",-10.3595028141814
"PARP12",-10.2040811168158
"IKZF3",-10.169295374746
"EIF3H",10.0674082190238
"MVP",-10.0636510708562
"APOBEC3G",-10.0515171228813
"FUS",-10.0448184144657
"UBB",-10.0257154962374
"TAP1",-10.022214068138
"SQRDL",-10.0140940008127
"RPS15",9.99574788469341
"RPL38",9.93343798075746
"SMAD3",9.90034565958616
"ANXA4",-9.73990531918332
"ETHE1",-9.70968589526041
"CLEC2B",9.68847538741587
"HSF4",9.55537579536078
"VAMP5",-9.3927895920302
"TSHZ2",-9.38976871209256
"NPM1",9.38796254329108
"DNAJA1",-9.3656795250821
"TRAT1",9.36451045527733
"CD48",9.28658361868499
"CAPN2",-9.28651936001054
"HSP90AA1",-9.24428365039225
"CMPK2",-9.20734962796773
"SLC1A4",-9.20130990854807
"CD151",-9.14687960216475
"HERC6",-9.12473105701523
"ADAM19",-9.12003101466358
"FAM177A1",-9.10554625545253
"PLIN2",-9.03657170150546
"NAGK",-9.01919198746699
"MT-ND6",-8.96756192169532
"EIF2AK2",-8.91485377022789
"RDX",-8.91290466996026
"MGST3",-8.88533104011227
"GLTSCR2",8.8668429890193
"PSMA7",-8.83441451795244
"HAGHL",-8.80644286983679
"MT2A",-8.79519554678358
"POMP",-8.77832922472177
"DDX60",-8.77330639503763
"CCL17",-8.74801791772857
"NDUFS5",-8.66726058724925
"P4HA1",8.63970264386633
"GZMA",8.61367410629825
"DNAJC2",-8.55927480622175
"LGALS3",-8.47554846580922
"GRN",-8.4523055243137
"SUB1",-8.42928013520604
"RP11-305L7.3",8.41947279907911
"EIF4B",8.36189053043094
"PLAC8",8.30422393871624
"KCNN4",-8.28178535640117
"TXNDC17",-8.27980678971822
"DYNLL1",-8.2408941224564
"LPIN2",-8.21308989643537
"FRMD4B",8.19830988228293
"SERPINB6",-8.19422905634243
"TSPO",-8.18279130758676
"GIPC1",-8.1588617854641
"IL32",8.12975720320313
"FHL3",-8.10750529092615
"KLHDC7B",-8.10211969499762
"SLAMF1",-8.09120435070479
"OASL",-8.06495582792522
"UQCRH",8.05567494957424
"LRP10",-8.01322852114711
"INTS7",-8.0119787262233
"ATP5E",-8.00346748780026
"RNF187",-7.98427519399557
"S100A10",-7.98226313794368
"RSAD2",-7.9664968472714
"NUP88",-7.94544843907517
"TUBA1A",-7.93511877694853
"TXN",-7.93510040837877
"CHMP5",-7.91999212711829
"GSDMD",-7.8653134909915
"EIF2S1",-7.81998916991039
"DDX60L",-7.81314123127288
"RBPJ",-7.80431070153203
"IFIH1",-7.77915252596957
"CCR7",-7.77559684849951
"USMG5",-7.76577525982541
"NT5C3A",-7.74167120152612
"PDIA6",-7.71411515745985
"SPINK2",-7.70039072155745
"LGALS3BP",-7.69658727655687
"MDK",-7.66909410046699
"TMBIM6",-7.64208905197838
"MED10",-7.6345905118
"TCEAL4",-7.59952891158727
"PSME1",-7.57277259222767
"TMSB10",7.56620726152158
"HLA-A",-7.55183991899726
"SYTL3",7.53666292204102
"ASXL1",-7.51852788842975
"APOBEC3C",-7.45741525360184
"BCAR3",-7.45223012690588
"C12orf57",-7.42451377224213
"RSL24D1",7.41627786984983
"HLA-E",-7.41543454671311
"NDUFB11",-7.41096134505898
"MAGED2",-7.38426159578029
"GCNT1",-7.34604097006487
"AAK1",-7.34573339050875
"TNFSF14",-7.31211869797697
"CTA-384D8.35",-7.28955523279238
"TMEM243",-7.27750423920697
"PDE4B",-7.27495531056391
"SRI",-7.26761942728903
"LGALS1",-7.26500626762983
"ARPC5",-7.26028744933348
"MCM4",-7.22390526880627
"SERPINB1",-7.21407025041787
"FSD1",-7.21357482668859
"F5",-7.19357458812614
"IL1R2",-7.18816471562375
"SAMD9L",-7.18339848096323
"PSMB3",-7.17921147298355
"MCM6",-7.15324037906275
"DNAJB6",-7.14174987764319
"SCML4",-7.14037299008928
"GLB1",-7.14033150361614
"COPRS",-7.13022059527745
"KDSR",-7.12778345460466
"IVNS1ABP",-7.12447994349675
"FAM173A",-7.12296313608208
"UNQ6494",7.11874288356434
"FKBP1A",-7.11378916317535
"CCNG1",7.10041278059875
"XAF1",-7.08574472895314
"KLF6",-7.0766255155146
"FAM46C",7.05491120538041
"NDUFB2",-7.04188375156794
"SYNGR2",-7.03758338738124
"PRDX2",6.99727594121398
"RTN4",-6.98808687861119
"CDKN2D",-6.96505963026947
"TRABD",-6.92750130491679
"ADAR",-6.91518758524531
"ACTA2",-6.90775024284771
"ATP6V0E1",-6.86790387117468
"UBC",-6.86331362306178
"ATP6V1H",-6.85883334104324
"RALA",-6.84994346733193
"ARL4C",6.82943281224894
"BATF",-6.82211666013756
"NEMF",-6.81692641420235
"SH3KBP1",-6.80085105778853
"TAPBP",-6.78496052877661
"EVL",6.7692560388457
"BHLHE40",6.76548121921973
"MZB1",6.75287223063006
"RP11-81H14.2",-6.73389401528982
"EZR",-6.72498415864332
"MRPL40",-6.72224406173411
"NRBP1",-6.72095761123726
"TGFB1",-6.70728311548223
"UBQLN2",-6.68077561548739
"DUSP4",-6.67730839422906
"BBX",-6.66893473675119
"ACSL4",-6.64091104693261
"SURF4",-6.62852104756983
"AKAP13",-6.58840370324762
"LTA",-6.58038236332776
"QSOX1",-6.54394181103303
"APOL2",-6.53982103610162
"GYPC",6.52076756953947
"MT-ND3",-6.51847517493435
"AGPAT2",-6.51628962192035
"CRIP1",-6.51568882236079
"SLC2A3",6.51039805738252
"IFI44",-6.50552288172209
"TXNIP",-6.49469842491091
"RAB27A",-6.49451681910196
"LMNA",-6.46116160103706
"TUBA1C",-6.45186575748792
"PPARG",-6.44843468403486
"ATP6V0B",-6.4419708503382
"NEK1",-6.4141337950298
"RUNX1",-6.41084435538003
"GNB2",-6.40927048086004
"SCAMP2",-6.39007547897587
"VPS29",-6.38894852727326
"PPIL1",-6.38440178098827
"FURIN",-6.37437705198083
"SEPT2",-6.37420957556745
"NDUFC2",-6.33637207403613
"XRN1",-6.32942093306786
"LUZP1",-6.32621463651249
"ABI1",-6.3160067450678
"PSTPIP1",-6.30334418815901
"YWHAB",-6.29485454088601
"PIK3IP1",-6.28656564756136
"NPDC1",-6.26788153414188
"MTX3",6.26780402932817
"GCH1",-6.26645037036471
"CLIC1",-6.26104138898072
"SRSF5",-6.25600181115391
"CCT6A",-6.23752561868439
"PTPN2",6.21863150953436
"PRPF40A",-6.21766974983208
"TOR1A",-6.21496670726511
"TUBB4B",-6.18430904864337
"PSMC2",-6.17178108402016
"HN1",-6.1538891563416
"TMEM165",-6.15133147986131
"VAMP8",-6.14998927607342
"CAPN1",-6.13620314495911
"EFHD2",-6.11326805060857
"SEPT7",-6.09337426606561
"CD3G",-6.08763253667585
"GRAP2",-6.08251467095459
"URI1",-6.07412598588669
"LDHB",6.06904782194513
"GPR132",-6.06700103681354
"CD70",-6.0327717057711
"EVI2A",-6.01791203351999
"RANGAP1",-6.0125290094624
"UBA7",-5.99717424377992
"PPP1R2",-5.98821104769045
"PAQR4",-5.97941735705925
"PRDM1",5.97065562809163
"TRIP10",-5.96908704750557
"HINT1",5.96549781607012
"CD200",-5.96385206518067
"CFL1",-5.95886836538091
"TNFRSF12A",-5.95326438240946
"TAP2",-5.95270998186987
"CD164",-5.93817152935961
"KLF7",-5.93578839788882
"BAZ1A",-5.93351807616503
"WDR1",-5.91721985678889
"CHMP4B",-5.91147682949563
"DEK",-5.87871030473112
"MAL",5.87801908368984
"ERO1A",5.87404209329776
"RBM39",-5.86118882461374
"EMC7",-5.84876311541702
"ADGRE5",-5.82199135471654
"ECHS1",-5.81282521453396
"DDB2",-5.79517113139583
"PARP10",-5.7812458984469
"TIAM2",-5.76467121366268
"CD2BP2",-5.76047729069249
"EXOSC1",-5.75956106943471
"EEA1",-5.75537764603404
"PSMA5",-5.74347934328605
"EIF3F",5.72429972550994
"GGNBP2",-5.72313301715487
"UTP3",-5.7172987300064
"TCIRG1",-5.67929188699276
"SAMSN1",-5.66699801938337
"NUDC",-5.66239570132588
"PTK2",-5.65811332870332
"PMEPA1",-5.65583208247132
"IFRD1",-5.62986612720574
"MEAF6",-5.62420072431713
"MAP4",-5.62231242872692
"LGALS8",-5.602680696514
"AFAP1",-5.60177363482718
"HSPB11",-5.59448578700762
"SKP1",-5.59202567033291
"MRPL46",-5.58706752861409
"H2AFV",-5.53589431424049
"KIF5B",-5.51815587593043
"PGM2L1",-5.51709364068427
"MT-ND2",-5.49964874742216
"TNFRSF1B",5.49685305342828
"GAPDH",5.49329030760316
"IKZF1",5.48987341619471
"TRMT10C",-5.48797522495527
"RBM3",5.47613893375731
"ATF3",-5.47227025359987
"TRMT112",-5.47073031412272
"PSME3",-5.46842994376116
"UNC93B1",-5.4678367747838
"U2SURP",-5.46486421523616
"FKBP3",-5.46391065382585
"PABPC1",5.45788918284187
"LINC00869",-5.4557492710753
"C17orf62",-5.45153439958225
"RAB9A",-5.44992788888704
"SLC39A1",-5.44716297947838
"PCNX",-5.44469195884484
"ZDHHC16",-5.42688279454101
"SLC52A2",-5.40570309946566
"EED",-5.40343640313339
"CXCR4",-5.40275286688811
"LYRM1",5.3934433893546
"ETS1",5.37321660255722
"CACYBP",-5.3712639324344
"PAIP1",-5.37123625104187
"LINC00152",-5.36852063898627
"MYH9",-5.36666808703027
"CNDP2",-5.36385782050986
"R3HDM1",-5.36371133999638
"PGAM1",-5.36117185479833
"SRP54",-5.3580351916794
"REXO2",-5.34649967112324
"NENF",-5.32846250276686
"SBDS",-5.32401876223208
"NFIL3",5.32237348371304
"TMBIM1",-5.31436843389675
"CNP",-5.29375944395917
"AHCYL1",-5.28659395692259
"CTSB",-5.28336534503371
"RXRA",5.27646529716752
"TRAPPC1",-5.26857221388734
"FBL",5.25164942854323
"RPL41",5.25087443842584
"NAPA",-5.23078158710774
"EIF2S3",5.22939379750906
"SPATA13",-5.2289026520868
"HIF1A",-5.22716800973479
"NASP",-5.21102107544687
"SCO2",-5.20428649088815
"INTS6",-5.20297648983201
"SRP14",-5.20054633270887
"RPS10",5.19926071411421
"BNIP3",5.19899248405593
"LPAR6",5.19693771565136
"TRIM22",-5.19590106662856
"HELZ2",-5.19477339299907
"PTPRC",5.17901549979543
"CCDC109B",-5.17256492961681
"CMC1",-5.1627250137003
"C6orf47",-5.15313536500117
"ZMPSTE24",-5.14728104702353
"CCSER2",-5.13507690201157
"MAGOH",-5.12268167293573
"HSPH1",-5.11257014211363
"NUB1",-5.11077631488165
"TNFSF12",-5.10161984381589
"YIPF5",-5.09073877659428
"HILPDA",5.08947298660052
"FABP5",-5.0784441248946
"AHSA1",-5.05637527112056
"CARD19",-5.04882065295801
"FKBP1B",-5.04030338146711
"PDAP1",-5.03470494280322
"TRIM38",-5.03189480930612
"HAGH",-5.02702901572614
"CCAR1",-5.02025150847339
"ZFR",-5.01055582061263
"GPR183",-5.00225906588325
"PNP",-5.00198698351356
"HLA-F",-4.9988968148017
"CCNI",4.98940328178641
"CUL1",-4.98070400830071
"ECE1",-4.97797780525977
"ATP5B",-4.95474926394582
"C4orf48",-4.95248436409624
"CTNNA1",-4.95146864046548
"ODF3B",-4.94364156059305
"COMT",-4.93138411745079
"SLC38A5",-4.92017140324353
"PCBP1",-4.89911747401824
"TSPAN3",-4.86090242349536
"SMIM12",-4.85385960131367
"UBE2N",-4.84940318159734
"TRIM26",-4.84481860446656
"FAAP20",-4.84084899667848
"C19orf43",-4.8400927470514
"BECN1",-4.83872538746378
"MCTS1",-4.83624150790527
"ATP2C1",-4.83244369388821
"NAPSA",-4.82397769033935
"RPP30",-4.82275425583747
"MAP4K2",-4.81407175214234
"CTSA",-4.81062470847025
"CD2",-4.80347914518725
"IFIT5",-4.80307355971612
"APOL1",-4.79386884762642
"TTC7A",-4.79312462086383
"HNRNPA0",-4.79218791551805
"HDDC2",-4.79175299842788
"SMARCE1",-4.78744368543359
"ZNF598",-4.78714247739484
"PLAUR",-4.78043779008386
"CCL5",-4.77799522371351
"HNRNPU",-4.77797175278253
"PTPN1",-4.77519857566579
"TNIP2",-4.77403485702633
"AAED1",-4.77292505573979
"RMI2",-4.76932389278598
"PI4K2B",-4.76422207530329
"CCT2",-4.76305437070779
"IDS",-4.7515800767029
"ADSS",-4.74227137842405
"DEAF1",-4.74001824827603
"UCHL3",-4.73698356054938
"CCDC82",-4.73346614549341
"TRIM14",-4.73270633243908
"PLEKHN1",-4.72794196458702
"RNF126",-4.72681387255745
"SH3GLB1",-4.7243055637415
"DTX3L",-4.70214814600796
"PMAIP1",-4.69847390606856
"RIF1",-4.69306257058329
"TTC39C",-4.69207040195347
"IKZF4",-4.68347185717568
"PRDX4",-4.67802634205518
"PTPN6",-4.67754932078558
"H2AFZ",-4.65299087592289
"TRIM21",-4.652221872912
"YPEL3",-4.63469442078515
"EIF5B",-4.616922208288
"IL1R1",-4.61424749385239
"SLC25A5",4.60033215321007
"LCP2",-4.59494388533575
"VASP",-4.59457814299209
"TM9SF2",-4.58252277212999
"PRMT2",-4.57924374675458
"FUT11",4.57072707565522
"H1F0",-4.55586335135009
"GTPBP4",-4.55398808238773
"DHRS12",-4.54224082525813
"HSPA1A",-4.53636005870651
"HNRNPF",-4.53359679162899
"HLA-DRB1",-4.52876212649393
"DHX58",-4.52817873121675
"HLA-DPA1",-4.52310843924373
"SLC22A17",-4.5202458051343
"DDX46",-4.51569571042865
"CCDC85B",-4.50325165346357
"OPTN",-4.50048994499241
"PIN1",-4.49922722006302
"ATP5H",-4.4820941961182
"OGFR",-4.47235630070397
"GNB1",-4.46045325411431
"AHR",-4.45493317011056
"SNHG8",4.44440661212497
"TRADD",-4.44268389034466
"ENY2",-4.44149852115876
"SUGT1",-4.43689660750568
"PLIN3",-4.43513268144571
"TMEM154",-4.43452755497758
"CAMSAP1",-4.43423160844057
"TMEM110",-4.43016962830403
"MSRB1",-4.42932771886277
"WARS",-4.42793310737714
"CYB561A3",-4.42225506341263
"RPN2",-4.42104641848834
"SPINT2",-4.4196427510512
"EXOC2",-4.41708310575228
"USP3",-4.41573295226009
"RMDN1",-4.41093047176124
"SPEF2",-4.4069797351325
"SERINC1",-4.40617718359791
"VPS4A",-4.40569337009095
"CTTN",-4.40134651840173
"RGS16",-4.39036835151911
"MED19",-4.3895925274966
"ARL2",-4.38489214436229
"EML4",-4.37990600468038
"PDIA3",-4.37856947397308
"GPI",4.37812624920918
"TOR3A",-4.37324861194264
"C6orf62",-4.36488118751369
"MRPL51",-4.35715269666884
"AEBP2",-4.35330202499563
"FUOM",-4.34704187553561
"DNASE2",-4.34425727976887
"ILK",-4.34182541663623
"MOB1A",-4.34041549198083
"ACTN4",-4.33529236573679
"TOP1",-4.33006276973103
"PARVG",-4.32232264279329
"CDK9",-4.31855576059134
"FAM50A",-4.317285732904
"FAM179B",-4.31684008095687
"SSR2",4.31163808812055
"ADRBK1",-4.31031288158405
"RPL17",4.30981962398259
"PPHLN1",-4.30745656887909
"GSN",-4.29583315152496
"CCR4",-4.29489395162316
"CHRM3-AS2",4.27720619858165
"IGSF8",-4.27556031681989
"CCDC92",-4.27082851969342
"FLNA",-4.27040521821478
"RNPEP",-4.27027084262319
"AP1S1",-4.26632302827241
"BAK1",-4.26421815107074
"F8A1",-4.2588076317657
"PDCD5",-4.25345522292701
"PRDX5",-4.24770623036881
"MXI1",4.24175596164515
"STX4",-4.23998168722531
"UROD",-4.23487106962201
"TMEM160",-4.2328454216198
"TARDBP",-4.23214176379287
"CLIP1",-4.22982830870472
"C4orf32",-4.2256249428682
"COX14",-4.22550474077345
"ZFYVE21",-4.22245065196022
"ARHGDIB",4.22030598164013
"SDC4",-4.21498707022446
"POLR2K",-4.21404684136262
"LAMP1",-4.20846864862416
"POLR2L",-4.20712122091869
"TMX1",-4.20597739167092
"RIC3",-4.20049259315102
"S100A2",-4.2003568232039
"ARPC3",-4.1953749824687
"TDRD7",-4.1936603071157
"RBX1",-4.19058210738855
"GNAI2",-4.18860172820371
"MAD1L1",4.1876577356269
"TRANK1",-4.18368481882753
"RBM8A",-4.17983681367186
"FADD",-4.17631885405272
"YARS",-4.17464145851512
"RP11-356J5.12",4.1640635965652
"CYFIP2",-4.16268752863285
"PEBP1",-4.16244076235409
"ERP29",-4.16065184376438
"NLRC5",-4.15698584444691
"MLXIP",-4.15404696239466
"CCZ1",-4.14901914695384
"HTATIP2",-4.14614049461273
"JMJD1C",-4.14072835470303
"RNH1",-4.13961883587456
"TMEM43",-4.12716186229061
"CYSTM1",-4.12497302775594
"ATXN3",-4.12372990225294
"PYURF",-4.11936284345748
"EIF1B",-4.11035111776572
"PUF60",-4.10211709031899
"SF3B6",-4.10153039388229
"AKR1C3",-4.09839556057451
"WIPF1",4.09821118242782
"SUSD3",-4.09772158752388
"PSMB2",-4.08917810387496
"CAPNS1",-4.08863242141524
"DENND1B",-4.08796355711039
"ANXA6",-4.08237877602086
"SAE1",-4.07683903071672
"SPOCK2",-4.07665339894158
"PCMT1",-4.07431438087387
"NIT2",-4.07415237614781
"LYSMD2",-4.07395567725912
"VCP",-4.06086592027197
"ARL8A",-4.05987954488894
"ZNRF1",-4.05947819242229
"UROS",-4.05816625860213
"FBXO6",-4.05815897847507
"IL2RG",4.05081259199497
"GLIPR1",-4.04630344094977
"MAT2B",-4.04121191452042
"RHOF",-4.03622293677236
"AKIRIN1",-4.03372128326051
"FTH1",4.03365072502271
"ACOT7",-4.02183434047756
"ANAPC16",4.01273309243281
"MAF1",-4.01071451495251
"NSL1",-4.01066839185548
"NINJ1",-4.00082815130091
"OSTC",3.99488145472446
"AC133644.2",-3.99127230927939
"CCDC167",3.9844058321626
"HNRNPA2B1",-3.98122135313668
"JOSD2",-3.97411287889739
"DYNLRB1",-3.96992456340063
"FOXP1",-3.96746001818329
"BRD3",-3.96634900409352
"NDUFS6",-3.96288313879907
"SNX6",-3.952428156372
"DYNC1I2",-3.93453447795479
"OAS2",-3.93235341951777
"RAB29",-3.93230655700856
"RPAIN",-3.932202129241
"DENND2D",-3.92755979229693
"SELK",-3.91482475697363
"BAG1",-3.9107607743799
"TRIM5",-3.88278494703229
"PSMD12",-3.87871694394456
"GLS",-3.86373035103854
"SORD",-3.86316354364296
"PPM1K",-3.86244688240382
"ELK3",-3.858212421093
"RP11-138A9.2",-3.85704296495167
"BEX4",-3.85540705628887
"CD63",-3.85360929719618
"CDC42",-3.84497613852177
"MBD4",-3.83742752821885
"FARS2",-3.83389320900614
"LTBP4",-3.83341001474577
"EIF1AD",-3.83075668020063
"RAB18",-3.82319171402815
"TIMM17B",-3.81753543042862
"AKAP8L",-3.81367204481792
"BLVRA",-3.80069826258404
"DCTN2",-3.79882618678747
"IL4I1",-3.79190996404947
"TSTA3",-3.79014036255524
"NOP56",-3.78955380789689
"CHST12",-3.78672692428116
"RPL36A",3.78463439068767
"ARF3",-3.78457476484393
"RWDD1",-3.78150337434122
"C4orf3",3.77386087906208
"NOC3L",-3.7719256980434
"SLC16A1",-3.76824029663461
"TKT",3.76803077140553
"FIBP",-3.76524422538779
"MT-CO2",-3.75911530701905
"NUP93",-3.75693964675934
"NFATC2IP",-3.74756902161399
"TAF2",-3.74323270367579
"NDUFA3",-3.74284642950279
"WDR34",-3.73901975974531
"TMEM179B",-3.72364577466835
"CSNK1G3",-3.72249742418169
"AES",-3.71800875395851
"RIOK1",-3.71043451207082
"MAP1LC3B",-3.70924254873733
"RCSD1",3.70595784859358
"RBM4",-3.70453430194492
"PARP14",-3.70442982598313
"RAB5C",-3.70279548969966
"H1FX",-3.70133486621603
"RPS26",3.69883760557695
"TRAF3",3.69503853772355
"ARF4",-3.69383205898792
"AHCY",3.69106133126543
"PSMD8",-3.68801815816348
"ADAM17",-3.68721036168453
"DPM1",-3.68522389746866
"LRRC42",-3.68423717939096
"DNAJC15",-3.68265763588187
"PSMD6",-3.67951170474882
"ZC3H12A",-3.67870086514308
"C19orf70",-3.67578623092234
"PRR5",-3.67460465575204
"RILPL2",-3.66866572725651
"CCT3",-3.66855501778656
"DNTTIP2",-3.66811311822965
"BAZ1B",-3.6570475948125
"EIF3D",3.65687933940995
"RDH11",-3.65670043573793
"RAB22A",-3.65574952304474
"SNX17",-3.65441719014642
"PLEC",-3.6539209402707
"DYNC1LI2",-3.65390807323522
"NOC4L",-3.63459052847428
"TP53BP1",-3.6343609818515
"STARD3",-3.62959338559368
"KPNA2",-3.62959170511802
"LYPLA2",-3.62773302587508
"LIMA1",-3.62720692093122
"NDUFC1",-3.62535222161843
"LMCD1",-3.62297769747731
"WHAMM",-3.6220449150046
"PTGER2",3.62056288339014
"RPUSD1",-3.61983309205453
"LAPTM4A",-3.61454719091064
"TNIP1",-3.61311722310071
"ATRX",-3.61157948849314
"RPA2",-3.60924716410531
"ST3GAL1",3.60920834109214
"MAFG",-3.60341894455604
"ATXN10",-3.60303863867554
"GALNT10",-3.60090657970968
"GDI1",-3.60071274316894
"RAB21",-3.59958693961833
"SP100",-3.59813149916426
"KRAS",-3.58899606519325
"TBCB",-3.58460470942456
"SPSB1",-3.57828844686
"SLC25A24",-3.57386751406251
"MIAT",-3.57096740709028
"PSMC6",-3.53396138205019
"JAML",-3.53233265170691
"POGK",-3.52592732636788
"SETX",-3.52295721251387
"SYNCRIP",-3.51919301028628
"CTC-444N24.11",-3.51809426530097
"C19orf25",-3.51762392126419
"ARL6IP6",-3.51748220924138
"IK",-3.51462224972848
"ABHD5",-3.51312027741734
"TRAF1",-3.51189788537255
"TMA7",3.50504611944796
"GSPT1",-3.50073385951747
"PRR5L",-3.50004754218733
"PPM1M",-3.49637589827221
"BIRC2",-3.49344428755975
"CBR3",-3.48442626090636
"PITPNB",-3.48150766006281
"CAMK2D",-3.47995880456528
"NCBP3",-3.4787559957825
"RRAGC",-3.47781747139241
"NUPL2",-3.47493321854559
"GPSM3",-3.47325813727346
"GLRX2",-3.4706768880745
"HADHB",-3.46577613748794
"EMP3",-3.46392398995393
"ERH",-3.46387386621523
"CYB5A",-3.46164465123252
"DCXR",3.46038651540552
"MLKL",-3.4596216814245
"GSTP1",-3.4575734423678
"TOMM20",3.45584811916554
"RSL1D1",3.45245422755558
"TSPAN31",-3.44007587232439
"PCSK7",-3.43807727675625
"FAM101B",3.43733815621991
"FERMT3",-3.43688968820931
"ABRACL",-3.43587024457792
"SUN2",-3.42976491397895
"STAT5A",-3.42573086157248
"VIMP",-3.42424448342934
"KLHL5",-3.42414774991001
"SHOC2",-3.42324771301599
"MID1IP1",-3.41963160467876
"DYNLT1",-3.4188496224517
"MOB3A",3.4178918034239
"C1orf43",-3.41524985375678
"IGFBP4",-3.41511558903128
"AP1M1",-3.41421210202522
"C12orf75",3.41105505004209
"PEX14",-3.41083297739204
"CITED2",3.40552788635798
"STK38L",-3.40482626561448
"IFITM2",-3.40388818701466
"SOD2",-3.4020247396688
"STIP1",-3.40165584896461
"RRAS",-3.39682078918128
"SP110",-3.39332004843571
"TMEM109",-3.39090438912766
"EEF1E1",-3.39074576487791
"PSMB6",-3.38941943061915
"SKAP1",3.3866377332474
"HNRNPM",-3.37236412510992
"KLHL6",-3.3707451628147
"TRAPPC6B",-3.36330886337503
"EFCAB14",-3.36106417604369
"GLRX3",-3.35896105435436
"ATRAID",-3.35685599184106
"CYTH2",-3.35677683341445
"ITK",-3.35664132051382
"ENO1",3.35508560141681
"MSL3",-3.34666239347819
"HIBCH",-3.3416035795432
"CYFIP1",-3.34083466158994
"C14orf80",-3.33430465552654
"PNPT1",-3.33029782593987
"SNX27",-3.32912594784795
"NAA15",-3.32629223182468
"TRAPPC4",-3.32188059388718
"AP3S1",3.32092960520098
"C9orf78",-3.31986102525816
"LSM6",-3.31337968758335
"LTA4H",3.31274923276133
"CDK6",-3.31226097255785
"MPHOSPH10",-3.31055737480172
"GALNT2",-3.31054430734081
"TUBB",-3.30553145115336
"STAT5B",-3.30463340035239
"PLK3",-3.30450709638854
"YBX1",3.30232059587621
"ZDHHC12",-3.30214318990407
"FAM26F",3.30124581457529
"SLFN5",-3.30089514678013
"SRSF6",-3.29643459875867
"ZNF766",-3.29624047568332
"CLUAP1",-3.29408152626798
"PSMB8",-3.284020087184
"CDK2",-3.2762991022011
"ZC3H13",-3.27319866458564
"STUB1",-3.27102249155077
"SLC39A14",-3.27037604055113
"PSMD9",-3.26955213337284
"LSR",-3.2678334235663
"CCT5",-3.26680581768144
"HACD3",-3.26670639816892
"SAYSD1",-3.2652781729369
"PECR",3.26389649325699
"ANKRD37",3.26358485056113
"GLOD4",-3.26022280054902
"NKAP",-3.25955767648757
"CYB5R1",-3.25915917652987
"ATP6V0D1",-3.25721222201619
"TMEM87B",-3.25672984601586
"VPS28",-3.25468071524012
"PSMA2",-3.25332214106379
"DOK1",-3.25250319177606
"CCDC53",-3.24915091508507
"B2M",-3.24735961752607
"RAB7A",-3.24435352059042
"TLE3",-3.2437874911894
"H2AFJ",-3.24068313330827
"MAST4",-3.23977768391821
"DERL1",-3.2378002302486
"RAB2A",-3.22658963004
"PDCD4",-3.22524520851652
"FANCL",-3.22385993739008
"CDS2",-3.22168843601462
"CNIH4",-3.21987857214473
"NUDT22",-3.21981660615731
"C17orf67",-3.2147797630198
"RPP38",-3.21455184128064
"AGO3",-3.21373921218686
"CCDC12",-3.21370138509412
"SRPK1",-3.20914018386471
"JMJD6",-3.20472340995496
"HSPA9",-3.20050755820247
"BAD",-3.19894312888245
"ATP5J",-3.19740536238057
"SOCS1",-3.19730927623916
"DCTD",-3.1957071338476
"P4HTM",-3.19459610501172
"BZW1",-3.19035409435759
"LMAN1",3.1875981275645
"COASY",-3.18744463060146
"CCNB1IP1",3.18653478825349
"SH2D2A",-3.18577534000461
"EIF1",3.18347106592654
"N4BP1",-3.17848143022628
"IL23A",3.17242945083833
"CYTIP",3.1714926769541
"ACTB",-3.16869741621159
"CD6",-3.16819278384724
"EDEM1",-3.16622192503679
"CDC16",-3.1657443690585
"RSBN1L",-3.16544525169076
"ALDOA",3.16311662813038
"IER5",-3.15710751442084
"MINA",3.15340361342889
"TMEM205",-3.1510425328423
"HDAC2",-3.14961653601647
"CAMK1",3.14670126078498
"EBNA1BP2",-3.14152204533514
"FAM133B",-3.14110761305628
"CXorf38",-3.13830952288052
"B3GAT3",-3.13473976608634
"MIA3",-3.13445019262795
"ZNF326",-3.13234382800577
"CD3EAP",-3.11777642239525
"MRPL18",-3.11741462473728
"CPNE3",-3.11608176043199
"NR1H2",-3.1138857736385
"BRD2",-3.11241312047959
"PPIA",-3.1113383863954
"TRMT6",-3.10739137500059
"CCDC64B",3.10704813587755
"GNA15",3.09755890700551
"SF1",-3.09598048190368
"CD47",-3.09345127988369
"MEI1",-3.09339075179877
"PPM1N",-3.08771483339975
"CXCR3",-3.08767419808883
"RP11-798M19.6",3.08316717431847
"SNRNP70",-3.08191332364273
"AIMP2",-3.07984232328493
"RLF",3.07917775257242
"ALDOC",3.07681603812157
"ANXA2",-3.07565610521757
"RALY",-3.06342296466998
"CCDC102A",-3.0628469129927
"NINJ2",3.05784669473665
"PSMD1",-3.05713564887032
"MRPL20",-3.05421456231391
"B4GALT4",-3.05087218905279
"HLA-DPB1",-3.04065867038665
"WBP4",-3.03949802190959
"NFKBIA",-3.03857546362791
"SLC37A3",-3.03848228430865
"RAB11A",-3.03493733438947
"FAM111B",-3.03432884871319
"PDE4D",3.03297903416781
"VRK3",-3.03144136018186
"HTRA2",-3.03120233673075
"NCR3",3.02776116054539
"NR2C2AP",-3.02436166994675
"HNRNPDL",-3.02289567843196
"NHP2",-3.02094408013898
"ZUFSP",-3.01793631549093
"OFD1",-3.01773229115997
"PSMD7",-3.01745133242932
"LRRN3",3.01681642399865
"IL1RN",-3.01661835622413
"TMEM147",-3.01640934996657
"STX11",-3.01402469319323
"SUPT16H",-3.01350813655096
"RBMS1",-3.01189590272973
"GTF3C6",-3.011287876334
"PRPS1",-3.0076048665633
"SLC39A3",-3.00728808305759
"KDM3A",3.00718518827087
"TFG",-3.00330672852398
"PGRMC1",-2.99491011834114
"STAT2",-2.99413532577142
"HEXDC",-2.98830941594963
"ORAI2",-2.98605687738004
"ZCRB1",-2.98518432731999
"RAB35",-2.97974849226289
"UBE2Z",-2.97465310036685
"CD27",2.97462999269485
"CD44",-2.97265016395971
"ORMDL2",-2.97011979075991
"USP14",-2.96994460153283
"ADRM1",-2.9693401899966
"CCT7",-2.96840452008511
"PSMA3",-2.96500138669574
"CLNS1A",-2.9640855995927
"KPNB1",-2.96041142060743
"HECTD1",-2.95944565908385
"POLR2I",-2.9594083658308
"ISCA2",-2.95705735938479
"ASNA1",-2.9433503008699
"PSMD11",-2.94057986159829
"DNAJC12",-2.93955228526935
"SCCPDH",-2.93893821782101
"SRSF3",-2.938714257655
"TLN1",-2.93848814610466
"TRERF1",-2.9378308698767
"IRF9",-2.93587516665767
"MKRN1",-2.93264465884732
"HSP90AB1",-2.9302132317749
"PDCD6",-2.92836036414043
"POLR2A",-2.91732695569732
"ADAT1",-2.91657294726001
"IFT20",-2.91581866774664
"MAPKAPK5",-2.91555409857349
"USP10",-2.91479164572595
"RECQL",-2.91313653149006
"DCTPP1",-2.90877706910785
"RUVBL1",-2.90519663584941
"PSMD4",-2.90467183401205
"PPP6R1",-2.8971582632974
"RNF149",-2.89353681914755
"SS18L2",2.89255083693909
"TMEM128",-2.892261622896
"WDR46",-2.88140123298263
"SRSF2",-2.88058497137
"METTL9",2.87969062180755
"RPE",-2.87867210049691
"ZNFX1",-2.87461333985269
"COMTD1",-2.86805753473569
"TFPT",-2.86313126312022
"TRAPPC3",-2.86036796275591
"MAGOHB",-2.8598653012067
"GAR1",-2.85866595334587
"KTN1",-2.85733716261446
"RABIF",-2.85701159329913
"UBE2Q1",-2.85015366531384
"OSM",2.85009631512177
"SAP18",-2.84285190370977
"PTBP1",-2.84277188399944
"NARS",-2.84262773395437
"ATPIF1",-2.84005663495653
"THEMIS",2.83975528614132
"ATG10",-2.83928654079178
"AK6",-2.83850557515864
"EBPL",2.8361521878003
"HM13",-2.83584995082111
"SON",-2.83270292497415
"CLSPN",-2.83132405427061
"CMTM7",-2.83046964351852
"YWHAG",-2.82901975220694
"GSTK1",2.82871664444565
"TOPORS-AS1",2.8259701134456
"ECHDC1",-2.82593500352994
"HLA-DQA1",-2.82485821464463
"PFKP",-2.82358933088587
"MED11",-2.81888307404705
"KIF1BP",-2.81884274127379
"HNRNPD",-2.81690214831589
"CHAC2",-2.81373342299961
"OGFOD1",-2.81207416653342
"TCF7",-2.80723140457114
"SHMT2",2.80535400608763
"GNL2",-2.80397791033586
"CCS",-2.80359984772816
"NOL7",-2.80188229963863
"PPT1",-2.80065808155838
"DCTN6",-2.79479770345179
"TOR1AIP2",-2.79387260689953
"MBOAT7",-2.7900585820059
"HUWE1",-2.78662674062484
"SSNA1",-2.78136881688719
"DAZAP1",-2.77889140568119
"TTC1",-2.77797010893446
"PEA15",-2.7767100261147
"ATP6AP2",-2.77040616794518
"UBE2L3",-2.76293814667344
"DYNC1H1",-2.7603980450201
"THUMPD2",-2.75707559426741
"LAMP3",-2.75442529749042
"CYBA",-2.74316493653021
"SRGN",-2.74250324311617
"TP53I13",-2.73802504742668
"GJB6",2.73197353483133
"NFKB1",-2.72843681635617
"CHMP1B",-2.72701635987336
"CEBPB",-2.72632597610207
"NOL11",-2.72552810367259
"TACO1",-2.71580122704094
"ITGAL",2.71555330974595
"CTLA4",2.71412627526521
"NAB1",-2.70627413070953
"RHOC",-2.70584050686606
"CAPZB",-2.70493827946951
"GSTZ1",-2.7010386659086
"PES1",-2.6995879484405
"HNRNPA1",2.69705360598916
"PML",-2.69389627835115
"TSPAN17",-2.69302120064624
"MBIP",-2.6924970465313
"CWC15",-2.67742400846445
"SP140L",-2.67710670285633
"RP11-138A9.1",-2.67487618222889
"PFKFB3",-2.67131962933066
"M6PR",-2.6712261151151
"STAMBP",-2.66936105739347
"CDC42SE1",-2.66911968704264
"CERS2",-2.66873821344674
"CRYBG3",2.66705968579759
"CHORDC1",-2.66649074399641
"OST4",2.66082592546518
"RRN3",-2.65732809566204
"PSAP",-2.65551519088096
"PIGX",-2.64740008005074
"LSP1",2.64437276691267
"MAP2K2",-2.64309868851788
"MLLT10",-2.64305120820661
"PRRC2C",-2.6425941251156
"TCP1",-2.64133145148665
"TIMM23",-2.64003868595311
"MRPS11",-2.63873700456149
"PYCR2",-2.63588116947242
"NIPA2",-2.63199016040756
"RNF34",-2.63121451000478
"CASP8AP2",-2.62611929834655
"RER1",-2.62547405433373
"SLIRP",-2.62510255494065
"SLC27A5",2.62308758818088
"TAF10",-2.62201694814357
"VRK1",-2.61976684861866
"ARPC4",-2.618595475683
"MCL1",-2.61658739768666
"RASAL3",-2.61449812017065
"TIPRL",-2.61112222299905
"CAP1",-2.61105310825566
"TWF2",-2.60931417192632
"TSG101",-2.60841664514545
"TCAF2",2.60831827386649
"MRPL36",-2.60529517134461
"CD53",-2.60375714038082
"MAT2A",-2.59942040958512
"C8orf76",-2.59813976458828
"EGLN1",2.59782385967596
"DDX6",-2.59643939405929
"SPPL2A",-2.59328741530888
"CCDC59",-2.58970333442235
"SMC3",-2.58711695558723
"C14orf119",-2.5851597605813
"CCDC71L",-2.58316082565919
"RTCB",-2.58005007935068
"PRKCDBP",-2.57599757582576
"NELFE",-2.57598213942273
"ABLIM1",-2.57290113629203
"TIMM22",-2.5702973240634
"HEXA",-2.56993667986175
"TMIGD2",-2.56933537713192
"CTSZ",-2.56922396904087
"AC016831.7",-2.56838569645574
"ITPA",-2.56804083047506
"EGLN2",-2.56769014365068
"TAF12",-2.56391617674094
"HDGF",-2.56364628793209
"SDHB",-2.56285088731479
"ARHGEF1",-2.55845357654321
"RPA3",-2.55633594200965
"TANK",-2.55523121698712
"SS18",-2.55396503325945
"TADA3",-2.55145085744279
"SRRM1",-2.55086414464863
"EAPP",-2.54852283139175
"RNF8",-2.54497754053032
"CELF1",-2.54443133506206
"NDUFA9",-2.54261950299774
"C21orf59",-2.54201356133447
"EML2",-2.54125965784205
"SEC13",-2.54055669048588
"PSMA4",-2.53978971868947
"SDHAF2",-2.53965163454969
"MT1X",-2.53827155430931
"IQGAP1",-2.5367580658412
"GIMAP7",-2.53604884288422
"MSRB2",-2.5353572413689
"KIAA0101",2.53501710968127
"PWP1",-2.53399840928008
"MCUR1",-2.53382890462809
"GTPBP6",-2.53308256814999
"WDR54",2.53287909117213
"TRIP6",-2.53242635158922
"STMN3",-2.52831238688982
"C15orf57",-2.52654962150371
"UPP1",-2.52418252894647
"SFT2D1",-2.52313773628135
"OXNAD1",2.51954677481691
"METTL13",-2.51847350002994
"BNIP3L",2.51674227895283
"PTEN",2.51591924370167
"BLOC1S2",-2.5145761900147
"NDUFS2",-2.51198625146136
"NOM1",-2.51114560420852
"TSN",-2.50972971060767
"C20orf24",-2.50950856171263
"AK4",2.50746735769963
"MED17",-2.50328131036359
"CCM2",-2.50067276713913
"NDUFB3",-2.49920584956859
"HCLS1",-2.49909127160429
"SMYD3",-2.49774463855465
"FBXW5",-2.49650030566544
"BRMS1",-2.49482502341154
"DDA1",-2.49422115328548
"NOP16",-2.49388540755292
"AUH",2.49094591391481
"QARS",2.48924846862678
"RPL36AL",-2.48801324439119
"RSU1",-2.48743749762296
"CLTA",-2.48428307845202
"PRR11",2.47995926816712
"EHD1",-2.47902244958897
"AC058791.1",-2.4737462205071
"MRPL41",-2.47355566785233
"PSMC1",-2.46954488874908
"PPP1R18",-2.4690123708919
"PPP4C",-2.46544906997288
"HMGN2",2.45944406564467
"PPME1",-2.45900044186684
"YWHAH",-2.4578373899363
"IL15RA",-2.45576190156341
"POLR2F",-2.45504017102835
"UBE2D2",-2.45106380121982
"LINC00969",-2.44066049541846
"STX18",-2.43999709290614
"BLOC1S1",-2.43760753040467
"PDE6D",-2.4332693965651
"EIF2A",2.4308217430682
"VPS33A",-2.42909070024864
"SRSF9",-2.4283171508851
"LUC7L3",-2.42692211196696
"NUDT4",-2.42305233147401
"SNHG25",2.42086862032053
"TUFM",-2.4197638923114
"TWISTNB",-2.41765276122093
"NOA1",2.41697443291074
"PHLDA2",-2.41687164713126
"MAP7D1",-2.41148057125322
"NDUFAB1",-2.41114367897186
"ARL3",-2.40949343154177
"PLEKHA3",-2.40299362593862
"INSIG1",2.40126506058101
"CAST",-2.39872188539792
"SNRPD2",2.39845976276731
"AKAP12",-2.3974590758369
"COPS6",-2.39236042264364
"POLR3K",-2.39178905565537
"MAPKAP1",-2.38578373436917
"TES",-2.38498463646943
"DAD1",-2.38302382869723
"SLBP",-2.38265383346236
"LAMTOR2",-2.3818449480961
"SESN2",-2.38060594956929
"ATP1B3",-2.37628311248332
"DDX56",-2.37247219251345
"TMEM14A",-2.37090700213514
"ZNF580",-2.3699014143208
"SH3BGRL3",-2.36732440363767
"PKM",-2.36468521997134
"TMEM261",-2.36111079308399
"SUPT4H1",-2.359681940217
"STX12",-2.3570076372487
"ARPC1B",-2.35336687374602
"NBEAL1",2.35125375137693
"HERPUD2",-2.35066036460468
"TNFSF10",-2.34808361890444
"BCL2",2.34771048637313
"TP53BP2",-2.34322511557638
"ATG4B",-2.34140302428896
"EIF4E",-2.34015779405942
"ZC3H12D",-2.33970069763354
"UBA2",-2.33651764722587
"ACTR10",-2.33494715087628
"FAM102A",-2.33407290894914
"SH2D1A",2.32850204015285
"ODF2L",-2.32789271991089
"RPL7L1",-2.32762457994134
"ARFRP1",-2.3267041591004
"ATP6V1E1",-2.32619514596475
"SNX3",-2.32504644217924
"LARP1",-2.32483953642431
"UBE2D1",-2.32281066000866
"TMEM219",-2.31818905460799
"ETF1",-2.31790561464691
"AC009948.5",-2.31236539615764
"MRPL14",-2.30645971016138
"AKAP9",-2.30579329589708
"EIF3K",2.29823310149092
"SOD1",-2.29820929937402
"MDM2",2.29498906832607
"NUDT5",-2.29327293598756
"TIA1",-2.28578573775189
"CUL3",-2.28309282782144
"ARGLU1",-2.27824912245735
"DDRGK1",-2.2778601194813
"ELAC2",-2.27619190725883
"BRE",2.27443746258403
"P4HB",2.2732405267571
"RRAGA",-2.272139840431
"PDLIM7",-2.27075045949049
"PICALM",-2.26765169174674
"ZFYVE28",-2.266901166572
"ANP32A",-2.26324160671413
"USP30-AS1",-2.26206712599055
"SSSCA1",-2.25972664858358
"ACAA2",-2.25792633462155
"MIF",2.25630087636879
"PSMB5",-2.25479445874355
"SYNE1",-2.25300801016596
"UBR2",-2.248137076821
"CUEDC2",-2.24773620169764
"DNAJC9",-2.24459679200191
"DR1",-2.24368574748364
"TIPIN",-2.24235375339599
"MCMBP",-2.24222835925905
"SHARPIN",-2.24005290856126
"SDHA",-2.23899552820027
"SIL1",-2.23639192774951
"PFKL",-2.22876342830556
"RAP1B",-2.22689000287007
"BABAM1",-2.22662397429518
"HAUS1",-2.22624036869701
"ARIH2",-2.22393720233653
"ARHGEF3",-2.22004195083609
"ZBTB8OS",-2.22002974753554
"DPP3",-2.21324233796942
"BCL2A1",2.21226127941739
"CCDC90B",-2.2072508668788
"FAM127A",-2.20697348082806
"BEX2",-2.20470937297259
"YWHAE",-2.20280600489116
"CDK11B",-2.20238881702719
"DDX3Y",2.2023549944724
"CDK5RAP1",-2.20194171855283
"PJA2",2.19625211682671
"MAGEH1",-2.19338449464305
"HMGN5",2.19113714323165
"GBP1",-2.19101268575658
"ZNF146",-2.1896213150886
"DUSP14",-2.18717315213031
"RAN",-2.18376230746077
"THRAP3",-2.18339058372926
"BIRC3",2.18179071077431
"PGLS",-2.17905819231419
"C12orf65",-2.17494107310684
"EHD4",-2.1742801609494
"TRBC1",-2.16794850407027
"PFN1",-2.16697362158332
"EIF4A1",-2.1634489488838
"GMFG",2.16172520193743
"UQCRC2",2.1599185090219
"C1orf228",-2.15683810211556
"HNRNPR",-2.15583599866806
"ST13",2.15439611648887
"RCN1",-2.14702393114499
"YWHAQ",-2.14657447191834
"MFAP1",-2.14576633033211
"ORAI1",-2.1440288562254
"WDR43",-2.14383442686126
"PITPNC1",-2.14132629917365
"ELOVL5",-2.1370771428905
"HNRNPAB",-2.13563318568564
"PCED1B",-2.13447848918617
"MT-ND5",-2.13377375377587
"SLC39A4",-2.13163103599173
"MOB4",-2.12979843577934
"NME7",2.12763147443509
"ARID4B",-2.12751074818922
"ATIC",-2.12565892749167
"MAML2",-2.12556560071391
"COX6A1",-2.12368303599213
"COQ4",-2.12175861189536
"CYB5R3",-2.11872904778468
"TMEM14B",2.11826976984085
"CTA-29F11.1",2.11510983187719
"UBE2F",-2.11200390265203
"ZNRD1",2.11172390679444
"ORMDL3",-2.11135720653199
"ATP2B1",-2.11112045621035
"XRN2",-2.10627503198538
"PLEKHJ1",-2.10544297638288
"HARS",-2.1040438542712
"USF2",-2.10303114898458
"HSH2D",-2.10218751132281
"COPS8",-2.1003928505949
"RPUSD3",-2.09913178988571
"DPM2",-2.09826420767796
"FCGRT",-2.09814155737321
"TM2D2",-2.09813887198945
"PEX2",2.09774693722479
"MALSU1",-2.09639712672241
"KARS",-2.09478098796744
"FAM111A",-2.09437409908402
"QDPR",-2.09391423011344
"MPDU1",-2.09295886845871
"POLR2H",2.09232690126189
"UHRF1",-2.09076256080854
"ILKAP",-2.09024179788299
"SDHC",-2.09018242357693
"YPEL5",-2.08666758338942
"ABCG1",-2.0857882242938
"MRPL39",-2.08519216290648
"PEF1",-2.08202536184595
"PI4KB",-2.07845005038224
"BDH1",2.07561097508599
"LMNB1",-2.07474166596975
"MRPS31",-2.07448431355154
"GATA3",2.0730883807971
"SDAD1",-2.071675544604
"LARP4",-2.07100525062705
"FAM129A",-2.06871932736035
"BCL7B",-2.06620409348557
"RHOA",-2.06619898202324
"SEC63",2.06405833849587
"TAX1BP3",-2.06298452232256
"TCERG1",-2.06244785971667
"C1orf122",-2.06197087432893
"IL18R1",2.06030286931755
"AKIP1",-2.05760332376225
"ARF6",-2.05640040294374
"AAMDC",-2.05526578098095
"ANKLE2",-2.05490894589087
"LAMTOR1",-2.05479555514777
"ITGB7",2.04981090245609
"CHRNB1",-2.04741503567481
"NEDD8",-2.04716944833749
"BTG3",-2.04491842796469
"PPP1R11",-2.04380382982216
"CSNK1G2",-2.03285466915004
"CD74",-2.02490965675115
"PDCL3",-2.02319654550499
"HSF1",-2.0218828283694
"COMMD1",-2.02122506232983
"SARAF",-2.01162683935137
"MORC3",-2.01115741349042
"CAPZA1",-2.01070162852088
"CEP104",-2.01023585072874
"CALR",-2.00935175493271
"NCF2",-2.00802720837524
"MYO1F",2.00719492177005
"RNF168",-2.00330821669484
"KIAA2026",-2.00132928263021
"CCDC6",-2.00063645838489
"MAP2K1",-1.99854836382122
"DDX24",-1.99680553811285
"PIN4",-1.99518232291412
"EMC3",-1.99155493188702
"MGST2",-1.99052767632032
"BSDC1",-1.98989784418114
"TTF2",-1.98966745335379
"USP16",1.9810850188186
"GPATCH2L",-1.97854012648881
"BCL7C",-1.97304099641041
"MOV10",-1.97150205527129
"BTG1",-1.96898038963747
"PPCDC",1.96832511024563
"RPIA",-1.96649921638773
"ARRB2",-1.96582755154906
"LIMD2",-1.96400335737937
"XRCC6",-1.96241539798083
"NUCB2",1.96090214511612
"BCAP31",-1.95805851051535
"PPP6R3",-1.95773661942335
"TCF25",-1.95728884707968
"GCSAM",1.95654398825693
"RFTN1",-1.95525997777621
"DHRS4L2",-1.95368230869813
"ANXA1",1.95327683839078
"TMF1",1.9509506842156
"PSMA3-AS1",-1.95086855184272
"SATB1",1.95080615832578
"LDHA",1.95016360763671
"GRPEL1",-1.9492087455078
"DNAJC7",-1.9468933389448
"SELL",-1.94359342909621
"CYP1B1",-1.94290922863734
"MFF",-1.94209842239351
"RFC4",-1.94177755603341
"SLC16A1-AS1",-1.94048747920469
"POLR2E",-1.93847881524787
"PGP",-1.93554700438666
"NXT1",-1.93535329245236
"UBE2A",-1.93096894407428
"MPHOSPH8",-1.92944842662558
"MLF2",-1.92558707113539
"MTCH1",-1.92539422873655
"SH3BGRL",-1.91960709601377
"UPRT",1.91929023472026
"KRT10",1.918004119932
"SND1",1.9168991577742
"EIF3G",-1.91478662906403
"DYNC1LI1",-1.91369169044418
"PPM1G",-1.91209577705715
"COPS5",-1.91057762004127
"SMIM10L1",-1.91031573283612
"ING3",1.91000963342074
"ASMTL",-1.90687954122868
"CDC37",-1.90516187124523
"TOMM40",-1.90493824786645
"ANXA7",-1.90380018559205
"FAM127B",-1.90278728021484
"MAGEF1",-1.90230291175793
"DBI",-1.89943699903128
"TMEM14C",-1.89782480533192
"YY1",-1.89395907778819
"CEP57",1.89383509859557
"JAKMIP1",-1.89180506516993
"SHKBP1",-1.88369455549131
"ATG101",-1.88338900639718
"LAMP2",-1.88001567519001
"UBE2Q2",-1.87807567695261
"ESD",-1.87659507872387
"GADD45A",1.87402157006594
"CCPG1",-1.8667692068782
"C9orf142",-1.86579905869624
"ZFAS1",1.86270915628739
"SCAF11",-1.8613753879568
"E2F1",-1.8589022633317
"UCP2",-1.85644122140257
"RNASEH2A",-1.8546714738589
"NAE1",-1.85449113057092
"PPP4R3B",-1.85430616562366
"PSMA6",-1.85332255521569
"LSM2",-1.85057343273102
"NUTF2",-1.84967748427425
"TRAC",-1.84786986256897
"MT-CO3",-1.84750851784032
"TPM3",-1.84645478924367
"TIMMDC1",-1.84326358477144
"MAP3K13",-1.84003835074146
"IMP4",-1.83985760786463
"HCFC1R1",-1.83499292107755
"MRPL17",-1.83448597855434
"MIR210HG",1.83446448863588
"GPATCH4",-1.8341434482011
"TACC3",-1.83412992491288
"DNPH1",-1.83338054523121
"GNRH2",1.8326800948956
"LYPLAL1",-1.83186353660863
"DTNBP1",-1.8318115931744
"GPR171",-1.82913596064146
"PRKCB",-1.82687181314696
"GALM",-1.82687020124934
"CD68",-1.82586330294786
"NMRAL1",-1.82472080719137
"CMTM6",-1.82381031437729
"PPP1R12A",-1.82287344335522
"TUBA1B",-1.8223317129077
"ACADVL",-1.82166259341351
"FAM192A",-1.81577983361952
"LAGE3",1.81566143130194
"GNL3",-1.80671069260928
"HMGCS1",1.80187763481994
"RBM42",-1.79704858688623
"ACTG1",-1.79662571808556
"MKNK2",1.79537009732314
"FAM118A",-1.79120362861093
"GPR180",-1.78591723283518
"RASSF7",-1.78221037975712
"ITGAE",1.77883074287596
"TMEM87A",-1.77591247416439
"DGUOK",-1.7736383193552
"CMC2",-1.77178749908762
"RANBP1",-1.76522671132951
"APOL3",-1.76461924525319
"PAK1IP1",-1.75444193692571
"MIER1",-1.75371361792783
"SLC39A6",-1.75211416497219
"RRS1",-1.74618778064008
"PNRC1",1.74121973351363
"ZNF292",1.73817262596823
"ANKZF1",1.73099771474447
"MINOS1",-1.72929068477117
"FAM204A",1.72773417752454
"C10orf128",1.72654832133172
"TMEM123",1.72496770372299
"CTSD",-1.72150526760755
"AIDA",-1.71964300587916
"RNF125",-1.71957497859704
"CDC123",-1.71765431457466
"HSPA4",-1.71583270651092
"ATP5F1",1.71327107656988
"PSMC3",-1.71248859046091
"VDAC3",1.71096212460869
"PSMB7",-1.7104875628811
"STRA13",-1.70802278687997
"ITGB2",1.70224961555739
"CD69",-1.70124862099189
"ZBTB25",1.70115786105215
"CNOT6L",-1.69707608239038
"DTYMK",-1.69600567716159
"TMEM258",1.69426890895445
"RSRP1",-1.69288836064776
"ARF5",-1.69258243513999
"POLD3",-1.68721242370451
"MGMT",-1.68603770923662
"DESI1",-1.68570801814511
"NAMPT",1.68441468447634
"C3orf14",-1.68298221187585
"MRPL44",-1.68267462926523
"SUPV3L1",1.68066853046999
"OXA1L",1.67769360187641
"GALK1",-1.67383969319847
"SEPW1",-1.67305646422597
"MB21D1",-1.67180867180758
"UTP11L",-1.66992876364985
"ARL8B",-1.66817378751004
"PGK1",1.66646922568109
"CD3E",1.65885574964805
"EIF3A",-1.65870260602945
"DNAJC1",-1.65765735823317
"IL21R",-1.65525551871977
"CMAS",-1.65066182062039
"ETFA",-1.65024809658379
"RABEP1",-1.65012489079054
"EIF6",-1.64779360190983
"SLC35B1",-1.64245124646822
"MIF4GD",-1.64018441532614
"MAP2K3",-1.63775377692348
"IL2RB",-1.63706848214236
"MRPS23",-1.63532856388627
"EIF5",-1.62942925779265
"NDUFA12",-1.62446835586159
"GLIPR2",-1.61965277694699
"SDF2",-1.61016091790129
"VPS4B",-1.60497596377354
"NDFIP1",-1.60229296509044
"TIFA",-1.60102157549852
"PHB2",1.5986690891676
"TRA2B",-1.59335100979869
"PSMC4",-1.59333641484096
"SF3B2",-1.59333299144431
"DECR1",-1.5925292826022
"PRDX6",1.59212083515068
"IL3RA",1.58743147541078
"TNFRSF18",1.58560863153878
"PFDN2",-1.5827942210797
"MPRIP",1.5791637594645
"SIT1",1.57595698190352
"LEF1",-1.57441940115294
"TAF7",-1.57199437835622
"HAT1",-1.57102249062903
"CD226",-1.57077201011068
"STK4",-1.56996750679551
"HIRIP3",-1.56717703714454
"ADK",-1.56327000444276
"COX7B",-1.56234192256737
"WNK1",1.55770447570207
"ACOT13",-1.55715250097097
"TPR",-1.55339782479387
"EPC1",-1.55326642664429
"TFRC",1.54367297192419
"ILF2",-1.54102476245351
"NFAT5",-1.54070121299866
"MRPL13",-1.54014133190307
"PSMD2",-1.53585830576318
"STMN1",-1.53543116595885
"SIRPG",1.53494330099493
"SELM",-1.53347102562126
"TMEM106C",1.53323372307371
"TXN2",1.52909952780561
"ERICH1",-1.52755562161907
"KDELR2",-1.52753247713903
"CDC5L",-1.52428255405729
"ZMAT2",-1.52318949345261
"LTB",1.52128629705467
"PTPRA",-1.51829840906897
"SRSF10",-1.51446999642306
"POLQ",1.51285424591862
"TMEM70",-1.51118068670521
"HOPX",1.5100999146181
"MGAT2",-1.50306360120339
"DDX21",-1.50055182552532
"CTNNB1",-1.50017653224329
"ARG2",1.49289283995385
"SLC50A1",-1.49105063303126
"PHTF2",1.48956313870595
"MTAP",-1.48876573743176
"CH17-189H20.1",-1.48657471635197
"PARP1",-1.48308848139892
"EXOSC9",-1.48164309878913
"UBE3A",-1.47889416695123
"HLA-DRA",-1.47854661008489
"EWSR1",-1.47618370402555
"DTL",-1.47148675315487
"GINS2",-1.47091870196869
"POLDIP2",-1.47051045115066
"SART1",-1.46722777907524
"EVI2B",-1.46694267426838
"PNRC2",-1.4668932752509
"IDH2",-1.46663756245985
"XBP1",1.46088403805914
"ZC3H18",1.45898942676143
"GPATCH8",-1.45226429314448
"SUCLG1",-1.44974519859582
"CD52",1.44429570832747
"YEATS4",-1.44236771607957
"CDKN1B",1.44074463959064
"CDK4",-1.43473583131258
"ATG3",-1.43022416267322
"YPEL2",-1.42170577654633
"IL7R",-1.41780308285229
"RNF167",-1.41486702792482
"OXSR1",1.41343560211805
"RAC2",1.39869514788902
"INSIG2",1.39789744390915
"APEX1",-1.39455945989656
"FAM32A",-1.39431661833171
"NIFK",-1.38675203265519
"MYCBP2",-1.37994074509017
"JAGN1",-1.37841162447483
"POLR2G",-1.3778120770482
"FAM162A",1.36482618926358
"EPAS1",1.36182318575087
"ASH1L",-1.35995077430107
"FDX1",-1.3578138263555
"SMARCA2",-1.35449168776525
"PRMT1",-1.35418909359242
"ATP5C1",-1.35332905377218
"B4GALT1",-1.3389555218547
"BCAT1",-1.33006190167134
"CD59",1.3293517230999
"SLTM",-1.32686613050819
"SNRPA",1.31865453097366
"PTDSS1",1.31397393310234
"DHX36",-1.31116674178237
"MRPS21",-1.28647131914267
"HLA-DQA2",-1.28611897942611
"CEP350",-1.2857439162517
"EBP",1.28555428863778
"NPC2",1.28161980324299
"SRSF7",-1.27978729775105
"CXCL10",-1.27962604850584
"CYSLTR1",1.27666986756768
"IFI16",-1.2744550139621
"HIST1H1A",1.27108996661876
"PPIL4",-1.27006949485154
"DNMT1",-1.27001021118455
"STAU1",-1.26907589442071
"ROCK1",-1.26772556995943
"GZMH",-1.26573398884395
"PRKDC",-1.26453878129753
"PSMB10",-1.26102404520136
"FNIP2",-1.26090724108142
"MRPS26",1.25874684291463
"MCM3",-1.25823572768131
"ANKRD12",-1.25347810956022
"NFKBID",1.24629642032818
"TIGIT",-1.24440405567128
"SEC61B",-1.24096409751435
"CTSS",-1.24023836629209
"CD99",-1.23967878922657
"CMSS1",-1.23162848875821
"MTPN",-1.2294989907598
"DUSP5",1.22511799220739
"GCHFR",-1.2236294404367
"CASP3",1.21813507333274
"C4orf27",-1.2166343349477
"C1orf56",-1.21366161281179
"ANXA2R",-1.20991798037549
"UNG",-1.20817965619263
"HMGA1",1.20201991518821
"SFXN1",1.20132852153391
"ASF1B",-1.18748879789426
"GLUL",1.18600461145512
"TAF15",-1.17635087967094
"SAMD9",-1.17431501793713
"SPTY2D1",1.15591277303146
"STK17A",-1.15150846427339
"HIST1H4C",1.14493434908396
"MALAT1",-1.14434553118094
"GARS",-1.13501858829965
"SEC11C",-1.13448810451387
"HAPLN3",-1.13219744983262
"HERC4",-1.13105914388299
"CD58",-1.11126215428769
"MFHAS1",-1.10651141945385
"CCNL1",-1.09910057142193
"FKBP4",-1.09704987990652
"MARCH7",-1.0934415678887
"FAM45A",1.08022195310078
"PCNA",-1.07788122572805
"NABP1",-1.07748917616405
"HMGB1",-1.06790345138573
"SNX9",1.06159458908213
"RHOG",-1.04927050863891
"STT3B",1.04553209033199
"PHLDA1",1.03495607196994
"DNAJB1",1.03221691016299
"GIMAP1",-1.02414944217029
"ADD3",1.02251607766493
"SRP72",1.02167188518912
"LINC01588",-1.0182280407244
"USP1",-1.00521356285974
"GRAMD1A",-0.997911724274992
"ZBTB38",-0.99429644000309
"TMPRSS6",0.984596285174784
"MKI67",0.983902100712079
"TNFRSF8",-0.978996235526854
"HCST",0.964147601079851
"ASNS",-0.962510354193363
"RORA",-0.92552422087879
"EZH2",-0.922089160924175
"CCL3",0.911657343715699
"HNRNPH3",-0.899479779812976
"CD37",-0.898533135256439
"SLC16A3",-0.875774502510562
"MT-ND4L",0.872113515781394
"RBBP7",-0.867569836854593
"THAP1",0.8583555862922
"CHD1L",0.85438067128172
"MYC",-0.841584268631982
"GLRX",-0.835503345061471
"LRRC28",-0.834585351920189
"NGLY1",0.834165334583421
"CEP290",-0.819222774322064
"NMB",-0.814987178103476
"MLLT3",0.788599380357695
"EIF2AK1",-0.783572705447499
"CCND2",-0.782568189856871
"LRRFIP1",-0.748414817190734
"SLC3A2",-0.745522974506495
"HLA-DRB5",-0.741385213134544
"LINC-PINT",-0.727434064622382
"CTSH",-0.712596183129292
"MZT1",0.709141322229349
"GNG2",-0.70583903384585
"CBR1",-0.702022740820402
"MCM5",-0.696782356944128
"C6orf48",0.694781806853933
"RPL22L1",0.693787252230187
"PLA2G16",-0.673944534252973
"STAG3",-0.654112382502361
"HIST1H2AC",0.620093300807613
"CEP55",-0.608442563015116
"PTPN7",0.599101153266534
"RNMT",0.575010611157873
"WSB1",0.560114184793381
"TAF1D",0.535034837261019
"BTG2",0.533040669811725
"RNF19A",0.521988328758774
"FAM107B",-0.520385281758956
"PYCARD",-0.480984485829086
"GADD45B",0.468094075447477
"UBE2S",-0.4621395595598
"MCM7",-0.433026278349847
"PIK3R1",0.397753628603353
"EIF4EBP1",-0.396576748889012
"GJB2",-0.3942464733076
"HSPB1",-0.382986304159561
"GZMB",-0.361717022308506
"FBXO32",0.354838321584976
"ID2",0.349288386458218
"RGS1",-0.335752258392339
"PRF1",-0.325150033406607
"CFDP1",0.318007985764507
"REL",-0.314272835067827
"NEAT1",0.308496344007264
"ITM2C",-0.302691933773718
"RNASET2",-0.284479751712356
"RARRES3",-0.283469124213995
"HIST1H1B",0.268436423981199
"DUSP2",0.261604856750904
"CDK1",-0.248821113332402
"ADTRP",0.245603438325121
"MIR155HG",0.190276743126845
"HSPA5",-0.17934036206307
"CENPF",-0.151941058644139
"STK17B",-0.151730100412994
"ARL5B",0.139236984995655
"CBX5",-0.0953925693638059
"HSPA1B",0.0788756320430412
"IFNG",0.0642065586637683
"CCL4",0.06416255263929
"SNHG15",-0.0392638358219293
"CCNB2",-0.0127399443271545
"ALOX5AP",-0.0101499915586833
